blocks/b-05/title/,b-05
blocks/b-05/displayTitle/,Global Exception Handler
blocks/b-10/title/,Handling Errors During Debugging
blocks/b-10/displayTitle/,Handling Errors During Debugging
blocks/b-15/title/,b-15
blocks/b-40/title/,b-40
blocks/b-45/title/,b-45
blocks/b-50/title/,b-50
blocks/b-55/title/,b-55
blocks/b-60/title/,b-60
blocks/b-65/title/,b-65
blocks/b-75/title/,b-75
blocks/b-80/title/,b-80
blocks/b-85/title/,b-85
blocks/b-90/title/,b-90
blocks/b-95/title/,b-95
blocks/b-100/title/,b-100
blocks/b-100/_trickle/_button/text/,Continue
blocks/b-100/_trickle/_button/startText/,Continue
blocks/b-100/_trickle/_button/finalText/,Continue
blocks/b-105/title/,b-105
blocks/b-110/title/,b-110
